"","ego","alter","network_level","communication","ecology","education","mapping","operations","air_quality","mechanical_treatments","prescribed_fire","restoration","strength","satisfaction","quality","fire_spread","operational_capacity","relevance"
"1","Inyo National Forest","BLM-Bishop Field Office","SEKI - Defined",0,1,0,0,1,1,1,1,0,"Collaboration","Somewhat satisfied","Extremely good","High","Completely confident","Extremely relevant"
"2","Inyo National Forest","USFS-Inyo National Forest-Mammoth","SEKI - Defined",0,1,0,0,1,1,1,1,0,"Collaboration","Extremely satisfied","Extremely good","High","Completely confident","Extremely relevant"
"3","Inyo National Forest","USFS-Inyo National Forest-Mt. Whitney","SEKI - Defined",0,1,0,0,1,1,1,1,0,"Collaboration","Extremely satisfied","Extremely good","High","Completely confident","Extremely relevant"
"4","Inyo National Forest","USFS-Inyo National Forest-White Mountain","SEKI - Defined",0,1,0,0,1,1,1,1,0,"Collaboration","Extremely satisfied","Extremely good","High","Completely confident","Extremely relevant"
"5","Inyo National Forest","USFS-Inyo National Forest Supervisors Office","SEKI - Undefined",0,1,0,0,1,1,1,1,0,"Collaboration","Extremely satisfied","Extremely useful",NA,NA,"Extremely relevant"
"6","Inyo National Forest","Western Mono (Native American Indigenous Peoples)","SEKI - Undefined",0,1,0,0,1,1,1,1,0,"Collaboration","Somewhat satisfied","Extremely useful",NA,NA,"Extremely relevant"
"7","Inyo National Forest","Yokut (Native American Indigenous Peoples)","SEKI - Undefined",0,1,0,0,1,1,1,1,0,"Collaboration","Somewhat satisfied","Extremely useful",NA,NA,"Extremely relevant"
"8","BLM CA-CDD","BLM-Bishop Field Office","SEKI - Defined",0,0,0,0,1,0,0,0,0,"Coordination","Somewhat satisfied","Extremely good","High","Somewhat confident","Extremely relevant"
"9","BLM CA-CDD","BLM-California Desert Interagency Fire Program","SEKI - Defined",1,0,1,1,1,0,1,1,1,"Collaboration","Somewhat dissatisfied","Extremely good","High","Slightly confident","Extremely relevant"
"10","BLM CA-CDD","BLM-Central California District","SEKI - Defined",1,0,1,1,1,0,1,1,1,"Coordination","Somewhat satisfied","Extremely good","High","Somewhat confident","Extremely relevant"
"11","BLM CA-CDD","Cal Fire-San Bernardino","SEKI - Defined",0,0,0,1,1,0,1,1,0,"Collaboration","Extremely satisfied","Extremely good","High","Somewhat confident","Extremely relevant"
"12","BLM CA-CDD","USFS-Inyo National Forest-White Mountain","SEKI - Defined",1,0,1,1,1,0,1,1,1,"Communication","Somewhat satisfied","Extremely good","High","Somewhat confident","Extremely relevant"
"13","BLM CA-CDD","California Air Resources Board","SEKI - Undefined",0,0,0,0,0,0,0,1,0,"Collaboration","Somewhat satisfied","Extremely useful",NA,NA,"Extremely relevant"
"14","BLM CA-CDD","California Forest Management Task Force","SEKI - Undefined",1,0,1,0,0,0,1,1,0,"Collaboration","Somewhat satisfied","Extremely useful",NA,NA,"Extremely relevant"
"15","BLM CA-CDD","The Nature Conservancy","SEKI - Undefined",0,0,0,0,0,0,1,1,0,"Collaboration","Somewhat satisfied","Extremely useful",NA,NA,"Somewhat relevant"
"16","BLM CA-CDD","USDA Natural Resource Conservation Service (NRCS)","SEKI - Undefined",0,0,0,0,0,0,1,0,1,"Collaboration","Somewhat satisfied","Extremely useful",NA,NA,"Somewhat relevant"
"17","BLM CA-CDD","USFS-Region 5 HQ","SEKI - Undefined",0,0,0,1,0,0,1,1,1,"Coordination","Somewhat satisfied","Extremely useful",NA,NA,"Extremely relevant"
"18","BLM CA-CDD","USFS-Inyo National Forest Supervisors Office","SEKI - Undefined",0,0,0,1,1,0,1,1,1,"Communication","Somewhat satisfied","Extremely useful",NA,NA,"Extremely relevant"
"19","BLM CA-CDD","US Geological Survey","SEKI - Undefined",1,0,1,0,0,0,1,1,1,"Collaboration","Somewhat satisfied","Extremely useful",NA,NA,"Somewhat relevant"
"20","The Wilderness Society","Cal Fire-Fresno Kings","SEKI - Defined",0,1,0,0,0,0,0,1,0,"Communication","Somewhat satisfied","Not applicable",NA,"Slightly confident",NA
"21","The Wilderness Society","Cal Fire-San Bernardino","SEKI - Defined",0,1,0,0,0,0,0,1,0,"Communication","Somewhat satisfied","Not applicable",NA,"Slightly confident",NA
"22","The Wilderness Society","Cal Fire-Tulare","SEKI - Defined",0,1,0,0,0,0,0,1,0,"Communication","Somewhat satisfied","Not applicable",NA,"Slightly confident",NA
"23","The Wilderness Society","NPS-Kings Canyon","SEKI - Defined",0,1,0,0,0,0,0,1,0,"Communication","Extremely satisfied","Somewhat good","Low","Somewhat confident","Somewhat relevant"
"24","The Wilderness Society","NPS-Sequoia","SEKI - Defined",0,1,0,0,0,0,0,1,0,"Communication","Extremely satisfied","Somewhat good","Low","Somewhat confident","Somewhat relevant"
"25","The Wilderness Society","USFS-Inyo National Forest-Mammoth","SEKI - Defined",0,1,0,0,0,0,1,1,1,"Collaboration","Somewhat satisfied","Somewhat good","High","Slightly confident","Somewhat relevant"
"26","The Wilderness Society","USFS-Inyo National Forest-Mt. Whitney","SEKI - Defined",0,1,0,0,0,0,1,1,1,"Collaboration","Somewhat satisfied","Somewhat good","Moderate","Slightly confident","Somewhat relevant"
"27","The Wilderness Society","USFS-Inyo National Forest-White Mountain","SEKI - Defined",0,1,0,0,0,0,1,1,1,"Collaboration","Somewhat satisfied","Somewhat good","Moderate","Slightly confident","Somewhat relevant"
"28","The Wilderness Society","USFS-Sequoia National Forest-Giant Sequoia National Monument","SEKI - Defined",0,1,0,0,0,0,1,1,1,"Collaboration","Somewhat satisfied","Somewhat good","Moderate","Slightly confident","Somewhat relevant"
"29","The Wilderness Society","USFS-Sequoia National Forest-Hume Lake","SEKI - Defined",0,1,0,0,0,0,1,1,1,"Collaboration","Somewhat satisfied","Somewhat good","Moderate","Slightly confident","Somewhat relevant"
"30","The Wilderness Society","USFS-Sequoia National Forest-Kern River","SEKI - Defined",0,1,0,0,0,0,1,1,1,"Collaboration","Somewhat satisfied","Somewhat good","Moderate","Slightly confident","Somewhat relevant"
"31","The Wilderness Society","USFS-Sequoia National Forest-Western Divide","SEKI - Defined",0,1,0,0,0,0,1,1,1,"Collaboration","Somewhat satisfied","Somewhat good","Moderate","Slightly confident","Somewhat relevant"
"32","The Wilderness Society","USFS-Sierra National Forest-High Sierra","SEKI - Defined",0,1,0,0,0,0,1,1,1,"Collaboration","Somewhat satisfied","Somewhat good","Low","Slightly confident","Somewhat relevant"
"33","The Wilderness Society","California Air Resources Board","SEKI - Undefined",0,0,0,0,0,1,0,0,0,"Coordination","Somewhat satisfied","Not applicable",NA,NA,"Somewhat relevant"
"34","The Wilderness Society","Central Sierra Environmental Resource Center","SEKI - Undefined",1,1,1,0,0,0,1,1,1,"Collaboration","Extremely satisfied","Extremely useful",NA,NA,"Slightly relevant"
"35","The Wilderness Society","Defenders of Wildlife","SEKI - Undefined",1,1,1,0,0,0,1,1,1,"Collaboration","Extremely satisfied","Extremely useful",NA,NA,"Slightly relevant"
"36","The Wilderness Society","Dinkey Collaborative","SEKI - Undefined",0,0,0,1,0,0,1,1,1,"Collaboration","Somewhat satisfied","Somewhat useful",NA,NA,"Somewhat relevant"
"37","The Wilderness Society","Sierra Club","SEKI - Undefined",1,1,1,0,0,0,1,1,1,"Collaboration","Extremely satisfied","Extremely useful",NA,NA,"Slightly relevant"
"38","The Wilderness Society","Sierra Forest Legacy","SEKI - Undefined",1,1,1,0,0,0,1,1,1,"Collaboration","Extremely satisfied","Extremely useful",NA,NA,"Slightly relevant"
"39","The Wilderness Society","The Nature Conservancy","SEKI - Undefined",1,1,1,0,0,0,1,1,1,"Collaboration","Somewhat satisfied","Extremely useful",NA,NA,"Slightly relevant"
"40","The Wilderness Society","The Wilderness Society","SEKI - Undefined",1,1,1,1,0,1,1,1,1,"Collaboration","Extremely satisfied","Extremely useful",NA,NA,"Slightly relevant"
"41","The Wilderness Society","USFS-Region 5 HQ","SEKI - Undefined",1,1,1,1,0,1,1,1,1,"Collaboration","Somewhat satisfied","Somewhat useful",NA,NA,"Somewhat relevant"
"42","The Wilderness Society","USFS-Inyo National Forest Supervisors Office","SEKI - Undefined",0,0,0,0,0,0,1,1,1,"Collaboration","Somewhat satisfied","Somewhat not useful",NA,NA,"Somewhat relevant"
"43","The Wilderness Society","USFS-Sequoia National Forest Supervisors Office","SEKI - Undefined",0,0,0,0,0,0,1,1,1,"Collaboration","Somewhat satisfied","Somewhat not useful",NA,NA,"Somewhat relevant"
"44","The Wilderness Society","USFS-Sierra National Forest Supervisors Office","SEKI - Undefined",0,0,0,0,0,0,1,1,1,"Collaboration","Somewhat satisfied","Somewhat not useful",NA,NA,"Somewhat relevant"
"45","US Forest Service, Inyo NF","BLM-Bishop Field Office","SEKI - Defined",1,1,1,1,1,1,1,1,1,"Collaboration","Extremely dissatisfied","Extremely good","Extreme","Somewhat confident","Extremely relevant"
"46","US Forest Service, Inyo NF","BLM-California Desert Interagency Fire Program","SEKI - Defined",1,0,0,1,1,1,0,0,0,"Coordination","Somewhat dissatisfied","Extremely good","Extreme","Somewhat confident","Extremely relevant"
"47","US Forest Service, Inyo NF","BLM-Central California District","SEKI - Defined",1,0,0,1,1,1,1,1,1,"Collaboration","Somewhat dissatisfied","Somewhat good","Extreme","Somewhat confident","Extremely relevant"
"48","US Forest Service, Inyo NF","Cal Fire-San Bernardino","SEKI - Defined",1,0,0,1,1,1,1,1,1,"Coordination","Extremely dissatisfied","Extremely good","Extreme","Somewhat confident","Extremely relevant"
"49","US Forest Service, Inyo NF","NPS-Kings Canyon","SEKI - Defined",1,0,0,1,1,1,0,0,0,"Collaboration","Extremely dissatisfied","Extremely good","Extreme","Somewhat confident","Extremely relevant"
"50","US Forest Service, Inyo NF","NPS-Sequoia","SEKI - Defined",1,1,0,1,1,1,0,0,0,"Collaboration","Extremely dissatisfied","Extremely good","Extreme","Somewhat confident","Extremely relevant"
"51","US Forest Service, Inyo NF","USFS-Inyo National Forest-Mammoth","SEKI - Defined",1,1,1,1,1,1,1,1,1,"Collaboration","Extremely dissatisfied",NA,"Extreme","Somewhat confident","Extremely relevant"
"52","US Forest Service, Inyo NF","USFS-Inyo National Forest-Mt. Whitney","SEKI - Defined",1,1,1,1,1,1,1,1,1,"Collaboration","Extremely dissatisfied","Extremely good","Extreme","Somewhat confident","Extremely relevant"
"53","US Forest Service, Inyo NF","USFS-Inyo National Forest-White Mountain","SEKI - Defined",1,1,1,1,1,1,1,1,1,"Collaboration","Extremely dissatisfied","Extremely good","Extreme","Somewhat confident","Extremely relevant"
"54","US Forest Service, Inyo NF","USFS-Sequoia National Forest-Giant Sequoia National Monument","SEKI - Defined",1,1,0,1,1,1,1,1,1,"Collaboration","Extremely dissatisfied","Extremely good","Extreme","Somewhat confident","Extremely relevant"
"55","US Forest Service, Inyo NF","USFS-Sequoia National Forest-Hume Lake","SEKI - Defined",1,1,0,0,1,1,1,1,1,"Collaboration","Extremely dissatisfied","Extremely good","Extreme","Somewhat confident","Extremely relevant"
"56","US Forest Service, Inyo NF","USFS-Sequoia National Forest-Kern River","SEKI - Defined",1,1,0,0,1,1,1,1,1,"Collaboration","Extremely dissatisfied","Extremely good","Extreme","Somewhat confident","Extremely relevant"
"57","US Forest Service, Inyo NF","USFS-Sequoia National Forest-Western Divide","SEKI - Defined",1,1,0,0,1,1,1,1,1,"Collaboration","Extremely dissatisfied","Extremely good","Extreme","Somewhat confident","Extremely relevant"
"58","US Forest Service, Inyo NF","USFS-Sierra National Forest-High Sierra","SEKI - Defined",1,1,0,0,1,1,1,1,1,"Collaboration","Extremely dissatisfied","Extremely good","Extreme","Somewhat confident","Extremely relevant"
"59","US Forest Service, Inyo NF","California Air Resources Board","SEKI - Undefined",1,1,1,1,0,1,1,1,0,"Coordination","Somewhat satisfied","Extremely useful",NA,NA,"Extremely relevant"
"60","US Forest Service, Inyo NF","California Forest Management Task Force","SEKI - Undefined",1,1,1,0,0,1,1,1,0,"Communication","Somewhat satisfied","Somewhat not useful",NA,NA,"Slightly relevant"
"61","US Forest Service, Inyo NF","Sierra Club","SEKI - Undefined",1,1,1,0,0,1,1,1,0,"Communication","Somewhat satisfied","Somewhat not useful",NA,NA,"Slightly relevant"
"62","US Forest Service, Inyo NF","Sierra Forest Legacy","SEKI - Undefined",1,1,1,0,0,1,1,1,0,"Communication","Somewhat satisfied","Somewhat useful",NA,NA,"Somewhat relevant"
"63","US Forest Service, Inyo NF","Southern Sierra Prescribed Fire Council","SEKI - Undefined",0,1,1,0,0,1,1,1,0,"Communication","Somewhat satisfied","Somewhat useful",NA,NA,"Somewhat relevant"
"64","US Forest Service, Inyo NF","The Nature Conservancy","SEKI - Undefined",1,1,1,0,0,0,1,1,0,"Communication","Somewhat satisfied","Somewhat useful",NA,NA,"Somewhat relevant"
"65","US Forest Service, Inyo NF","The Wilderness Society","SEKI - Undefined",1,1,1,0,0,1,1,0,0,"Communication","Somewhat satisfied","Somewhat not useful",NA,NA,"Slightly relevant"
"66","US Forest Service, Inyo NF","USDA Natural Resource Conservation Service (NRCS)","SEKI - Undefined",1,1,1,0,0,1,1,1,0,"Coordination","Somewhat satisfied","Somewhat useful",NA,NA,"Somewhat relevant"
"67","US Forest Service, Inyo NF","USFS-Region 5 HQ","SEKI - Undefined",1,1,1,1,1,1,1,1,1,"Collaboration","Somewhat satisfied","Somewhat useful",NA,NA,"Extremely relevant"
"68","US Forest Service, Inyo NF","USFS-Inyo National Forest Supervisors Office","SEKI - Undefined",1,1,1,1,1,1,1,1,1,"Collaboration","Extremely satisfied","Extremely useful",NA,NA,"Extremely relevant"
"69","US Forest Service, Inyo NF","USFS-Sequoia National Forest Supervisors Office","SEKI - Undefined",1,1,1,1,1,1,1,1,0,"Collaboration","Extremely satisfied","Extremely useful",NA,NA,"Extremely relevant"
"70","US Forest Service, Inyo NF","USFS-Sierra National Forest Supervisors Office","SEKI - Undefined",1,1,1,1,1,1,1,1,0,"Collaboration","Extremely satisfied","Extremely useful",NA,NA,"Extremely relevant"
"71","US Forest Service, Inyo NF","Western Mono (Native American Indigenous Peoples)","SEKI - Undefined",1,1,1,1,1,1,1,1,1,"Communication","Somewhat satisfied","Extremely useful",NA,NA,"Extremely relevant"
"72","US Forest Service, Inyo NF","Inyo Co. Bd. of Sup'v.","SEKI - Other",1,1,1,1,1,1,1,1,0,"Coordination","Extremely satisfied","Somewhat useful",NA,NA,NA
"73","US Forest Service, Inyo NF","Mono Co. Bd. of Sup'v.","SEKI - Other",1,1,1,1,1,1,1,1,0,"Coordination","Extremely satisfied","Somewhat useful",NA,NA,NA
"74","US Forest Service, Inyo NF","Great Basin Unified APCD","SEKI - Other",1,1,1,1,1,1,1,1,0,"Collaboration","Extremely satisfied","Extremely useful",NA,NA,NA
"75","US Forest Service, Inyo NF","13 Mono/Inyo Co. Local Fire Departments","SEKI - Other",1,0,1,1,1,0,0,1,0,"Collaboration","Extremely satisfied","Extremely useful",NA,NA,NA
"76","US Forest Service, Inyo NF","Plumas Corporation","SEKI - Other",1,1,1,1,0,0,1,1,0,"Collaboration","Extremely satisfied","Extremely useful",NA,NA,NA
"77","US Forest Service, Inyo NF","California Air Resources Board","SEKI - Other",1,1,1,1,1,1,1,1,0,"Coordination","Somewhat satisfied","Extremely useful",NA,NA,NA
"78","US Forest Service, Inyo NF","Inyo/Mono Co. Fire Safe Council","SEKI - Other",1,1,1,1,0,1,1,1,0,"Coordination","Somewhat satisfied","Extremely useful",NA,NA,NA
"79","US Forest Service, Inyo NF","Yosemite NP","SEKI - Other",1,1,1,1,0,1,1,1,0,"Collaboration","Somewhat satisfied","Somewhat useful",NA,NA,NA
"80","US Forest Service, Inyo NF","USFS R5 South and North Operations","SEKI - Other",1,0,1,1,1,1,1,1,1,"Collaboration","Extremely satisfied","Extremely useful",NA,NA,NA
"81","US Forest Service, Inyo NF","NOAA Reno, Las Vegas, Hanford offices","SEKI - Other",1,0,1,0,1,1,1,1,1,"Collaboration","Extremely satisfied","Extremely useful",NA,NA,NA
"82","USGS Western Ecological Research Center","NPS-Kings Canyon","SEKI - Defined",0,1,0,0,0,0,0,0,0,"Collaboration","Extremely satisfied","Extremely good","Moderate","Somewhat confident","Extremely relevant"
"83","USGS Western Ecological Research Center","NPS-Sequoia","SEKI - Defined",0,1,0,0,0,0,0,0,0,"Collaboration","Extremely satisfied","Extremely good","Moderate","Somewhat confident","Extremely relevant"
"84","USGS Western Ecological Research Center","USFS-Sequoia National Forest-Giant Sequoia National Monument","SEKI - Defined",0,1,0,0,0,0,0,0,0,"Coordination","Somewhat satisfied","Somewhat good","Moderate","Somewhat confident","Somewhat relevant"
"85","USGS Western Ecological Research Center","Save the Redwoods","SEKI - Undefined",0,1,0,0,0,0,0,0,0,"Collaboration","Extremely satisfied","Somewhat useful",NA,NA,"Slightly relevant"
"86","USGS Western Ecological Research Center","USFS-Region 5 HQ","SEKI - Undefined",0,1,0,0,0,0,0,0,0,"Coordination","Somewhat satisfied","Somewhat useful",NA,NA,"Somewhat relevant"
"87","USGS Western Ecological Research Center","US Geological Survey","SEKI - Undefined",0,1,0,0,0,0,0,0,0,"Collaboration","Extremely satisfied","Somewhat useful",NA,NA,"Slightly relevant"
"88","Sequoia National Forest, Kern River Ranger District","BLM-Central California District","SEKI - Defined",1,0,1,0,1,0,0,0,0,"Collaboration","Extremely satisfied","Extremely good","Extreme","Not confident at all","Extremely relevant"
"89","Sequoia National Forest, Kern River Ranger District","Cal Fire-Fresno Kings","SEKI - Defined",0,0,0,0,1,0,0,0,0,"Communication","Somewhat satisfied","Somewhat good","Low","Somewhat confident","Slightly relevant"
"90","Sequoia National Forest, Kern River Ranger District","NPS-Kings Canyon","SEKI - Defined",1,1,0,0,1,1,0,0,0,"Communication","Extremely satisfied","Somewhat good","Moderate","Somewhat confident","Somewhat relevant"
"91","Sequoia National Forest, Kern River Ranger District","NPS-Sequoia","SEKI - Defined",1,1,0,0,1,1,0,0,0,"Communication","Extremely satisfied","Somewhat good","Low","Somewhat confident","Somewhat relevant"
"92","Sequoia National Forest, Kern River Ranger District","USFS-Inyo National Forest-Mammoth","SEKI - Defined",1,0,0,0,1,0,0,0,0,"Communication","Extremely satisfied","Somewhat good","Low","Completely confident","Slightly relevant"
"93","Sequoia National Forest, Kern River Ranger District","USFS-Inyo National Forest-Mt. Whitney","SEKI - Defined",1,0,0,0,1,1,0,0,0,"Communication","Extremely satisfied","Somewhat good","Moderate","Somewhat confident","Somewhat relevant"
"94","Sequoia National Forest, Kern River Ranger District","USFS-Inyo National Forest-White Mountain","SEKI - Defined",1,0,0,0,1,1,0,0,0,"Communication","Extremely satisfied","Somewhat good","Moderate","Somewhat confident","Slightly relevant"
"95","Sequoia National Forest, Kern River Ranger District","USFS-Sequoia National Forest-Hume Lake","SEKI - Defined",1,1,0,0,1,0,0,1,0,"Collaboration","Somewhat satisfied","Somewhat good","Low","Somewhat confident","Slightly relevant"
"96","Sequoia National Forest, Kern River Ranger District","USFS-Sequoia National Forest-Kern River","SEKI - Defined",1,1,1,1,1,1,1,1,1,"Collaboration","Extremely satisfied","Extremely good","Extreme","Completely confident","Extremely relevant"
"97","Sequoia National Forest, Kern River Ranger District","USFS-Sequoia National Forest-Western Divide","SEKI - Defined",1,1,0,0,1,0,0,1,0,"Collaboration","Somewhat satisfied","Somewhat good","High","Somewhat confident","Extremely relevant"
"98","Sequoia National Forest, Kern River Ranger District","USFS-Sierra National Forest-High Sierra","SEKI - Defined",1,0,0,0,1,0,0,0,0,"Communication","Somewhat satisfied","Somewhat good","Low","Somewhat confident","Slightly relevant"
"99","Sequoia National Forest, Kern River Ranger District","California Air Resources Board","SEKI - Undefined",1,0,1,0,0,0,0,0,0,"Coordination","Extremely satisfied","Extremely useful",NA,NA,"Extremely relevant"
"100","Sequoia National Forest, Kern River Ranger District","Southern Sierra Prescribed Fire Council","SEKI - Undefined",1,0,1,0,0,0,0,0,0,"Communication","Extremely satisfied","Extremely useful",NA,NA,"Not relevant at all"
"101","Sequoia National Forest, Kern River Ranger District","The Nature Conservancy","SEKI - Undefined",0,0,1,0,0,0,0,0,0,"Coordination","Extremely satisfied","Somewhat useful",NA,NA,"Not relevant at all"
"102","Sequoia National Forest, Kern River Ranger District","USFS-Sequoia National Forest Supervisors Office","SEKI - Undefined",1,1,1,1,1,1,1,1,1,"Coordination","Extremely satisfied","Extremely useful",NA,NA,"Extremely relevant"
"103","Sequoia National Forest, Kern River Ranger District","Western Mono (Native American Indigenous Peoples)","SEKI - Undefined",1,0,1,0,0,0,0,0,0,"Communication","Extremely satisfied","Somewhat useful",NA,NA,"Somewhat relevant"
"104","Sequoia National Forest, Kern River Ranger District","Yokut (Native American Indigenous Peoples)","SEKI - Undefined",1,0,1,0,0,0,0,0,0,"Communication","Extremely satisfied","Somewhat useful",NA,NA,"Somewhat relevant"
"105","Sequoia National Forest, Kern River Ranger District","Kern County Fire","SEKI - Other",1,0,1,0,1,1,0,0,0,"Collaboration","Extremely satisfied","Extremely useful",NA,NA,NA
"106","Inyo NF- White Mtn RD","BLM-Bishop Field Office","SEKI - Defined",1,0,1,0,1,0,1,1,1,"Collaboration","Somewhat dissatisfied","Somewhat good","Moderate","Somewhat confident","Somewhat relevant"
"107","Inyo NF- White Mtn RD","BLM-Central California District","SEKI - Defined",1,0,1,0,1,0,1,1,1,"Collaboration","Somewhat dissatisfied","Somewhat good","Moderate","Somewhat confident","Slightly relevant"
"108","Inyo NF- White Mtn RD","Cal Fire-San Bernardino","SEKI - Defined",0,0,1,0,1,0,0,0,0,"Collaboration","Extremely satisfied","Somewhat good","Moderate","Somewhat confident","Somewhat relevant"
"109","Inyo NF- White Mtn RD","USFS-Inyo National Forest-Mammoth","SEKI - Defined",1,1,1,1,1,1,1,1,1,"Collaboration","Extremely satisfied","Somewhat good","Moderate","Somewhat confident","Extremely relevant"
"110","Inyo NF- White Mtn RD","USFS-Inyo National Forest-Mt. Whitney","SEKI - Defined",1,1,1,1,1,1,1,1,1,"Collaboration","Somewhat satisfied","Somewhat good","Moderate","Somewhat confident","Extremely relevant"
"111","Inyo NF- White Mtn RD","USFS-Inyo National Forest-White Mountain","SEKI - Defined",1,1,1,1,1,1,1,1,1,"Collaboration","Extremely satisfied","Somewhat good","Moderate","Somewhat confident","Extremely relevant"
"112","Inyo NF- White Mtn RD","California Air Resources Board","SEKI - Undefined",0,0,0,0,0,1,0,0,0,"Coordination","Somewhat satisfied","Somewhat useful",NA,NA,"Not relevant at all"
"113","Inyo NF- White Mtn RD","USFS-Region 5 HQ","SEKI - Undefined",1,1,1,1,1,1,1,1,1,"Collaboration","Somewhat satisfied","Somewhat useful",NA,NA,"Somewhat relevant"
"114","Inyo NF- White Mtn RD","USFS-Inyo National Forest Supervisors Office","SEKI - Undefined",1,1,1,1,1,1,1,1,1,"Collaboration","Somewhat satisfied","Somewhat useful",NA,NA,"Somewhat relevant"
"115","South Operations Coordination Center DOI","BLM-Bishop Field Office","SEKI - Defined",1,0,0,0,1,0,0,0,0,"Collaboration","Extremely satisfied","Somewhat good","High","Not confident at all","Extremely relevant"
"116","South Operations Coordination Center DOI","BLM-California Desert Interagency Fire Program","SEKI - Defined",1,0,0,0,1,0,0,0,0,"Collaboration","Extremely satisfied","Somewhat good","High","Slightly confident","Extremely relevant"
"117","South Operations Coordination Center DOI","BLM-Central California District","SEKI - Defined",1,0,0,0,1,0,0,0,0,"Collaboration","Extremely satisfied","Somewhat good","High","Slightly confident","Extremely relevant"
"118","South Operations Coordination Center DOI","Cal Fire-Fresno Kings","SEKI - Defined",0,0,0,0,1,0,0,0,0,"Collaboration","Extremely satisfied","Somewhat good","Moderate","Completely confident","Extremely relevant"
"119","South Operations Coordination Center DOI","Cal Fire-San Bernardino","SEKI - Defined",0,0,0,0,1,0,0,0,0,"Collaboration","Extremely satisfied","Somewhat good","High","Completely confident","Extremely relevant"
"120","South Operations Coordination Center DOI","Cal Fire-Tulare","SEKI - Defined",0,0,0,0,1,0,0,0,0,"Collaboration","Extremely satisfied","Somewhat good","High","Completely confident","Extremely relevant"
"121","South Operations Coordination Center DOI","NPS-Kings Canyon","SEKI - Defined",1,0,0,0,1,0,0,0,0,"Collaboration","Extremely satisfied","Somewhat good","High","Slightly confident","Extremely relevant"
"122","South Operations Coordination Center DOI","NPS-Sequoia","SEKI - Defined",1,0,0,0,1,0,0,0,0,"Collaboration","Extremely satisfied","Somewhat good","High","Slightly confident","Extremely relevant"
"123","South Operations Coordination Center DOI","USFS-Inyo National Forest-Mammoth","SEKI - Defined",0,0,0,0,1,0,0,0,0,"Collaboration","Extremely satisfied","Somewhat good","High","Slightly confident","Extremely relevant"
"124","South Operations Coordination Center DOI","USFS-Inyo National Forest-Mt. Whitney","SEKI - Defined",0,0,0,0,1,0,0,0,0,"Collaboration","Extremely satisfied","Somewhat good","High","Slightly confident","Extremely relevant"
"125","South Operations Coordination Center DOI","USFS-Inyo National Forest-White Mountain","SEKI - Defined",0,0,0,0,1,0,0,0,0,"Collaboration","Extremely satisfied","Somewhat good","High","Slightly confident","Extremely relevant"
"126","South Operations Coordination Center DOI","USFS-Sequoia National Forest-Giant Sequoia National Monument","SEKI - Defined",0,0,0,0,1,0,0,0,0,"Collaboration","Extremely satisfied","Somewhat good","High","Slightly confident","Extremely relevant"
"127","South Operations Coordination Center DOI","USFS-Sequoia National Forest-Hume Lake","SEKI - Defined",0,0,0,0,1,0,0,0,0,"Collaboration","Extremely satisfied","Somewhat good","High","Slightly confident","Extremely relevant"
"128","South Operations Coordination Center DOI","USFS-Sequoia National Forest-Kern River","SEKI - Defined",0,0,0,0,1,0,0,0,0,"Collaboration","Extremely satisfied","Somewhat good","High","Slightly confident","Extremely relevant"
"129","South Operations Coordination Center DOI","USFS-Sequoia National Forest-Western Divide","SEKI - Defined",0,0,0,0,1,0,0,0,0,"Collaboration","Extremely satisfied","Somewhat good","High","Slightly confident","Extremely relevant"
"130","South Operations Coordination Center DOI","USFS-Sierra National Forest-High Sierra","SEKI - Defined",0,0,0,0,1,0,0,0,0,"Collaboration","Extremely satisfied","Somewhat good","High","Slightly confident","Extremely relevant"
"131","South Operations Coordination Center DOI","California Air Resources Board","SEKI - Undefined",0,0,0,0,1,0,0,0,0,"Communication","Extremely satisfied","Somewhat useful",NA,NA,"Somewhat relevant"
"132","South Operations Coordination Center DOI","Southern Sierra Prescribed Fire Council","SEKI - Undefined",0,0,0,0,1,0,0,0,0,"Communication","Extremely satisfied","Somewhat useful",NA,NA,"Somewhat relevant"
"133","US Forest Service-Sequoia NF","BLM-California Desert Interagency Fire Program","SEKI - Defined",1,0,1,0,1,0,0,0,0,"Collaboration","Extremely satisfied","Extremely good","High","Completely confident","Extremely relevant"
"134","US Forest Service-Sequoia NF","BLM-Central California District","SEKI - Defined",1,0,0,0,1,0,0,0,0,"Collaboration","Extremely satisfied","Extremely good","Moderate","Completely confident","Extremely relevant"
"135","US Forest Service-Sequoia NF","Cal Fire-Fresno Kings","SEKI - Defined",1,0,0,0,1,0,0,0,0,"Collaboration","Extremely satisfied","Somewhat good","Moderate","Somewhat confident","Somewhat relevant"
"136","US Forest Service-Sequoia NF","Cal Fire-Tulare","SEKI - Defined",1,0,0,0,1,0,0,0,0,"Collaboration","Somewhat satisfied","Extremely good","High","Somewhat confident","Extremely relevant"
"137","US Forest Service-Sequoia NF","NPS-Kings Canyon","SEKI - Defined",1,0,0,0,1,0,0,1,1,"Collaboration","Extremely satisfied","Extremely good","High","Completely confident","Extremely relevant"
"138","US Forest Service-Sequoia NF","NPS-Sequoia","SEKI - Defined",1,0,0,0,1,0,0,1,1,"Collaboration","Extremely satisfied","Extremely good","High","Completely confident","Extremely relevant"
"139","US Forest Service-Sequoia NF","USFS-Sequoia National Forest-Giant Sequoia National Monument","SEKI - Defined",1,0,1,1,1,1,1,1,1,"Collaboration","Extremely satisfied","Extremely good","Extreme","Completely confident","Extremely relevant"
"140","US Forest Service-Sequoia NF","USFS-Sequoia National Forest-Hume Lake","SEKI - Defined",1,0,1,1,1,1,1,1,1,"Collaboration","Extremely satisfied","Extremely good","Extreme","Completely confident","Extremely relevant"
"141","US Forest Service-Sequoia NF","USFS-Sequoia National Forest-Kern River","SEKI - Defined",1,0,1,1,1,1,1,1,1,"Collaboration","Somewhat satisfied","Extremely good","Extreme","Completely confident","Extremely relevant"
"142","US Forest Service-Sequoia NF","USFS-Sequoia National Forest-Western Divide","SEKI - Defined",1,0,1,1,1,1,1,1,1,"Collaboration","Somewhat satisfied","Extremely good","Extreme","Completely confident","Extremely relevant"
"143","US Forest Service-Sequoia NF","USFS-Sierra National Forest-High Sierra","SEKI - Defined",1,0,0,0,1,0,0,0,0,"Collaboration","Extremely satisfied","Extremely good","Extreme","Completely confident","Extremely relevant"
"144","US Forest Service-Sequoia NF","Army Corps of Engineers","SEKI - Undefined",1,0,1,0,1,0,0,0,0,"Communication","Somewhat satisfied","Somewhat useful",NA,NA,"Slightly relevant"
"145","US Forest Service-Sequoia NF","California Air Resources Board","SEKI - Undefined",1,0,1,0,0,1,0,1,0,"Collaboration","Somewhat satisfied","Extremely useful",NA,NA,"Slightly relevant"
"146","US Forest Service-Sequoia NF","Save the Redwoods","SEKI - Undefined",0,0,0,0,0,0,0,1,0,"Collaboration","Somewhat satisfied","Somewhat useful",NA,NA,"Not relevant at all"
"147","US Forest Service-Sequoia NF","USFS-Region 5 HQ","SEKI - Undefined",1,0,1,1,1,1,1,1,1,"Collaboration","Extremely satisfied","Extremely useful",NA,NA,"Extremely relevant"
"148","US Forest Service-Sequoia NF","USFS-Sequoia National Forest Supervisors Office","SEKI - Undefined",1,0,1,1,1,1,1,1,1,"Collaboration","Extremely satisfied","Extremely useful",NA,NA,"Extremely relevant"
"149","US Forest Service-Sequoia NF","Western Mono (Native American Indigenous Peoples)","SEKI - Undefined",1,0,1,0,1,0,0,1,0,"Collaboration","Extremely satisfied","Somewhat useful",NA,NA,"Extremely relevant"
"150","US Forest Service-Sequoia NF","Yokut (Native American Indigenous Peoples)","SEKI - Undefined",1,0,1,0,1,0,0,1,0,"Collaboration","Extremely satisfied","Extremely useful",NA,NA,"Extremely relevant"
"151","CAL FIRE San Bernardino/Inyo/Mono","BLM-Bishop Field Office","SEKI - Defined",1,1,1,1,1,0,1,1,0,"Collaboration","Extremely satisfied","Somewhat good","High","Completely confident","Extremely relevant"
"152","CAL FIRE San Bernardino/Inyo/Mono","BLM-California Desert Interagency Fire Program","SEKI - Defined",1,1,1,1,1,0,1,1,0,"Collaboration","Extremely satisfied","Somewhat good","High","Completely confident","Extremely relevant"
"153","CAL FIRE San Bernardino/Inyo/Mono","USFS-Inyo National Forest-Mammoth","SEKI - Defined",1,1,1,1,1,0,1,1,0,"Collaboration","Extremely satisfied","Somewhat good","High","Completely confident","Extremely relevant"
"154","CAL FIRE San Bernardino/Inyo/Mono","USFS-Inyo National Forest-Mt. Whitney","SEKI - Defined",1,1,1,1,1,0,1,1,0,"Collaboration","Extremely satisfied","Somewhat good","High","Completely confident","Extremely relevant"
"155","CAL FIRE San Bernardino/Inyo/Mono","USFS-Inyo National Forest-White Mountain","SEKI - Defined",1,1,1,1,0,0,1,1,0,"Collaboration","Extremely satisfied","Somewhat good","High","Completely confident","Extremely relevant"
"156","CAL FIRE San Bernardino/Inyo/Mono","California Air Resources Board","SEKI - Undefined",0,0,0,0,0,1,0,1,0,"Coordination","Somewhat satisfied","Somewhat useful",NA,NA,"Somewhat relevant"
"157","CAL FIRE San Bernardino/Inyo/Mono","USFS-Inyo National Forest Supervisors Office","SEKI - Undefined",1,1,1,1,1,0,1,1,0,NA,"Extremely satisfied",NA,NA,NA,"Somewhat relevant"
"158","CAL FIRE San Bernardino/Inyo/Mono","Western Mono (Native American Indigenous Peoples)","SEKI - Undefined",0,0,0,0,0,0,1,1,1,"Communication","Extremely satisfied","Somewhat useful",NA,NA,"Slightly relevant"
"159","CAL FIRE San Bernardino/Inyo/Mono","Yokut (Native American Indigenous Peoples)","SEKI - Undefined",0,0,0,0,0,0,1,1,1,"Communication","Extremely satisfied","Somewhat useful",NA,NA,"Slightly relevant"
"160","Sierra Forest Legacy","Cal Fire-Fresno Kings","SEKI - Defined",1,0,0,1,0,0,0,0,0,"Communication","Extremely satisfied","Extremely good","Extreme","Slightly confident","Extremely relevant"
"161","Sierra Forest Legacy","NPS-Kings Canyon","SEKI - Defined",1,0,0,1,0,0,0,0,0,"Communication","Extremely satisfied","Extremely good","Low","Slightly confident","Extremely relevant"
"162","Sierra Forest Legacy","NPS-Sequoia","SEKI - Defined",1,0,0,1,0,0,0,0,0,"Communication","Extremely satisfied","Extremely good","Low","Slightly confident","Extremely relevant"
"163","Sierra Forest Legacy","USFS-Inyo National Forest-Mammoth","SEKI - Defined",1,0,0,0,0,0,0,0,0,"Communication","Somewhat satisfied","Somewhat good","Moderate","Slightly confident","Extremely relevant"
"164","Sierra Forest Legacy","USFS-Inyo National Forest-Mt. Whitney","SEKI - Defined",1,0,0,0,0,0,0,0,0,"Communication","Somewhat satisfied","Not applicable","Low","Slightly confident","Extremely relevant"
"165","Sierra Forest Legacy","USFS-Sequoia National Forest-Giant Sequoia National Monument","SEKI - Defined",1,0,0,0,0,0,0,0,0,"Communication","Somewhat satisfied","Somewhat good","Low","Slightly confident","Extremely relevant"
"166","Sierra Forest Legacy","USFS-Sequoia National Forest-Western Divide","SEKI - Defined",1,0,0,0,0,0,0,0,0,"Communication","Somewhat satisfied","Not applicable","Moderate","Slightly confident","Extremely relevant"
"167","Sierra Forest Legacy","USFS-Sierra National Forest-High Sierra","SEKI - Defined",1,0,0,1,0,0,0,0,0,"Collaboration","Somewhat satisfied","Not applicable","Moderate","Slightly confident","Extremely relevant"
"168","Sierra Forest Legacy","California Air Resources Board","SEKI - Undefined",1,0,1,0,0,0,0,0,0,"Communication","Somewhat satisfied","Extremely useful",NA,NA,"Slightly relevant"
"169","Sierra Forest Legacy","California Forest Management Task Force","SEKI - Undefined",1,1,1,1,0,0,0,0,0,"Communication","Somewhat satisfied","Extremely useful",NA,NA,"Slightly relevant"
"170","Sierra Forest Legacy","Central Sierra Environmental Resource Center","SEKI - Undefined",1,1,1,0,0,0,0,0,0,"Collaboration","Extremely satisfied","Extremely useful",NA,NA,"Not relevant at all"
"171","Sierra Forest Legacy","Defenders of Wildlife","SEKI - Undefined",1,1,1,0,0,0,0,0,0,"Collaboration","Extremely satisfied","Extremely useful",NA,NA,"Not relevant at all"
"172","Sierra Forest Legacy","Dinkey Collaborative","SEKI - Undefined",1,1,1,1,0,0,0,0,0,"Collaboration","Extremely satisfied","Extremely useful",NA,NA,"Not relevant at all"
"173","Sierra Forest Legacy","Save the Redwoods","SEKI - Undefined",1,1,1,1,0,0,0,0,0,"Coordination","Extremely satisfied","Extremely useful",NA,NA,"Not relevant at all"
"174","Sierra Forest Legacy","Sierra Club","SEKI - Undefined",0,0,1,0,0,0,0,0,0,"Collaboration","Somewhat satisfied","Extremely useful",NA,NA,"Not relevant at all"
"175","Sierra Forest Legacy","Southern Sierra Prescribed Fire Council","SEKI - Undefined",1,1,1,0,0,0,0,0,0,"Collaboration","Extremely satisfied","Extremely useful",NA,NA,"Not relevant at all"
"176","Sierra Forest Legacy","The Nature Conservancy","SEKI - Undefined",1,1,1,0,0,0,0,0,0,"Collaboration","Extremely satisfied","Extremely useful",NA,NA,"Not relevant at all"
"177","Sierra Forest Legacy","The Wilderness Society","SEKI - Undefined",1,1,1,0,0,0,0,0,0,"Collaboration","Extremely satisfied","Extremely useful",NA,NA,"Not relevant at all"
"178","Sierra Forest Legacy","USDA Natural Resource Conservation Service (NRCS)","SEKI - Undefined",1,1,1,0,0,0,0,0,0,"Communication","Somewhat satisfied","Not applicable",NA,NA,"Not relevant at all"
"179","Sierra Forest Legacy","USFS-Region 5 HQ","SEKI - Undefined",1,1,1,1,0,0,0,0,0,"Coordination","Somewhat satisfied","Extremely useful",NA,NA,"Extremely relevant"
"180","Sierra Forest Legacy","USFS-Inyo National Forest Supervisors Office","SEKI - Undefined",1,1,1,0,0,0,0,0,0,"Communication","Somewhat satisfied","Extremely useful",NA,NA,"Extremely relevant"
"181","Sierra Forest Legacy","USFS-Sequoia National Forest Supervisors Office","SEKI - Undefined",1,1,1,0,0,0,0,0,0,"Communication","Somewhat satisfied","Extremely useful",NA,NA,"Extremely relevant"
"182","Sierra Forest Legacy","USFS-Sierra National Forest Supervisors Office","SEKI - Undefined",1,1,1,0,0,0,0,0,0,"Communication","Somewhat satisfied","Extremely useful",NA,NA,"Extremely relevant"
"183","Sierra Forest Legacy","Western Mono (Native American Indigenous Peoples)","SEKI - Undefined",1,1,1,0,0,0,0,0,0,"Coordination","Extremely satisfied","Extremely useful",NA,NA,"Extremely relevant"
"184","Sierra Forest Legacy","Highway 168 Fire Safe Council","SEKI - Other",1,1,1,0,0,0,0,0,0,"Communication","Extremely satisfied","Extremely useful",NA,NA,NA
"185","Sierra Forest Legacy","Yosemite RCD","SEKI - Other",1,1,1,0,0,0,0,0,0,"Communication","Extremely satisfied","Extremely useful",NA,NA,NA
"186","Sierra Forest Legacy","American Forests","SEKI - Other",1,1,1,0,0,0,0,0,0,"Communication","Somewhat satisfied","Somewhat useful",NA,NA,NA
"187","Sierra Forest Legacy","Great Basin Institute","SEKI - Other",1,0,1,0,0,0,0,0,0,"Communication","Somewhat satisfied","Not applicable",NA,NA,NA
"188","Inyo NF/Mammoth RD","BLM-Bishop Field Office","SEKI - Defined",1,1,0,1,1,1,1,1,0,"Collaboration","Somewhat satisfied","Somewhat good","High","Somewhat confident","Extremely relevant"
"189","Inyo NF/Mammoth RD","BLM-Central California District","SEKI - Defined",1,0,0,0,1,0,0,0,0,"Collaboration","Somewhat satisfied","Somewhat good","Low","Somewhat confident","Extremely relevant"
"190","Inyo NF/Mammoth RD","Cal Fire-San Bernardino","SEKI - Defined",1,0,0,0,1,0,0,0,0,"Communication","Extremely satisfied","Somewhat good","Low","Somewhat confident","Somewhat relevant"
"191","Inyo NF/Mammoth RD","NPS-Kings Canyon","SEKI - Defined",1,0,0,0,1,0,0,1,0,"Communication","Extremely satisfied","Somewhat good","Low","Somewhat confident","Somewhat relevant"
"192","Inyo NF/Mammoth RD","NPS-Sequoia","SEKI - Defined",1,0,0,0,1,0,0,1,0,"Communication","Extremely satisfied","Somewhat good","Low","Somewhat confident","Somewhat relevant"
"193","Inyo NF/Mammoth RD","USFS-Inyo National Forest-Mammoth","SEKI - Defined",1,1,1,1,1,1,1,1,1,"Collaboration","Extremely satisfied","Extremely good","Extreme","Somewhat confident","Extremely relevant"
"194","Inyo NF/Mammoth RD","USFS-Inyo National Forest-Mt. Whitney","SEKI - Defined",1,0,1,0,1,0,1,0,0,"Collaboration","Somewhat satisfied","Somewhat good","High","Somewhat confident","Extremely relevant"
"195","Inyo NF/Mammoth RD","USFS-Inyo National Forest-White Mountain","SEKI - Defined",1,1,1,0,1,1,1,1,0,"Collaboration","Extremely satisfied","Extremely good","Low","Somewhat confident","Extremely relevant"
"196","Inyo NF/Mammoth RD","USFS-Sequoia National Forest-Giant Sequoia National Monument","SEKI - Defined",1,0,0,0,1,0,0,0,0,"Communication","Extremely satisfied","Somewhat good","Low","Somewhat confident","Extremely relevant"
"197","Inyo NF/Mammoth RD","USFS-Sierra National Forest-High Sierra","SEKI - Defined",1,0,0,0,1,0,0,0,0,"Communication","Extremely satisfied","Somewhat good","Moderate","Somewhat confident","Extremely relevant"
"198","Inyo NF/Mammoth RD","California Air Resources Board","SEKI - Undefined",0,0,0,0,0,1,0,0,0,"Coordination","Extremely satisfied","Extremely useful",NA,NA,"Somewhat relevant"
"199","Inyo NF/Mammoth RD","USFS-Region 5 HQ","SEKI - Undefined",1,1,1,1,1,0,1,1,0,"Coordination","Somewhat satisfied","Extremely useful",NA,NA,"Extremely relevant"
"200","Inyo NF/Mammoth RD","USFS-Inyo National Forest Supervisors Office","SEKI - Undefined",1,1,1,1,1,1,1,1,1,"Coordination","Extremely satisfied","Extremely useful",NA,NA,"Extremely relevant"
"201","Inyo NF/Mammoth RD","USFS-Sequoia National Forest Supervisors Office","SEKI - Undefined",1,0,1,0,1,0,0,0,0,"Communication","Extremely satisfied","Somewhat useful",NA,NA,"Extremely relevant"
"202","Inyo NF/Mammoth RD","USFS-Sierra National Forest Supervisors Office","SEKI - Undefined",1,0,1,0,1,0,0,0,0,"Communication","Extremely satisfied","Somewhat useful",NA,NA,"Extremely relevant"
"203","Inyo NF/Mammoth RD","Western Mono (Native American Indigenous Peoples)","SEKI - Undefined",1,1,1,0,0,0,1,1,0,"Communication","Extremely satisfied","Somewhat useful",NA,NA,"Slightly relevant"
"204","Inyo NF/Mammoth RD","Yokut (Native American Indigenous Peoples)","SEKI - Undefined",1,0,1,0,0,0,1,1,0,"Communication","Extremely satisfied","Somewhat useful",NA,NA,"Slightly relevant"
"205","Inyo NF/Mammoth RD","Mammoth Lakes FD","SEKI - Other",1,0,1,0,1,0,1,1,0,"Communication","Extremely satisfied","Extremely useful",NA,NA,NA
"206","Inyo NF/Mammoth RD","Mono County VFD’s","SEKI - Other",1,0,1,0,1,0,0,0,0,"Communication","Somewhat satisfied","Somewhat useful",NA,NA,NA
"207","Inyo NF/Mammoth RD","Plumas Corporation","SEKI - Other",1,1,1,0,0,0,1,1,0,"Collaboration","Extremely satisfied","Extremely useful",NA,NA,NA
"208","Inyo NF/Mammoth RD","Friends of the Inyo","SEKI - Other",1,1,1,0,0,0,0,0,0,"Communication","Somewhat satisfied","Somewhat useful",NA,NA,NA
"209","Tulare Basin Watershed Partnership","Cal Fire-Tulare","SEKI - Defined",0,1,0,0,0,0,0,0,1,"Collaboration","Extremely satisfied","Extremely good","Extreme","Not confident at all","Extremely relevant"
"210","Tulare Basin Watershed Partnership","NPS-Kings Canyon","SEKI - Defined",0,1,0,0,0,0,0,0,1,"Collaboration","Extremely satisfied","Extremely good","Extreme","Not confident at all","Extremely relevant"
"211","Tulare Basin Watershed Partnership","NPS-Sequoia","SEKI - Defined",0,1,0,0,0,0,0,0,1,"Collaboration","Extremely satisfied","Extremely good","Extreme","Not confident at all","Extremely relevant"
"212","Tulare Basin Watershed Partnership","California Forest Management Task Force","SEKI - Undefined",0,1,0,0,0,0,0,0,1,"Communication","Somewhat satisfied","Somewhat useful",NA,NA,"Extremely relevant"
"213","Tulare Basin Watershed Partnership","Dinkey Collaborative","SEKI - Undefined",0,1,0,0,0,0,0,0,1,"Communication","Somewhat satisfied","Somewhat useful",NA,NA,"Extremely relevant"
"214","Tulare Basin Watershed Partnership","The Nature Conservancy","SEKI - Undefined",0,1,0,0,0,0,0,0,1,"Communication","Somewhat satisfied","Somewhat useful",NA,NA,"Extremely relevant"
"215","Tulare Basin Watershed Partnership","Tulare Basin Watershed Connections","SEKI - Undefined",0,1,0,0,0,0,0,0,1,"Collaboration","Somewhat satisfied","Somewhat useful",NA,NA,"Extremely relevant"
"216","Tulare Basin Watershed Partnership","USDA Natural Resource Conservation Service (NRCS)","SEKI - Undefined",0,1,0,0,0,0,0,0,1,"Collaboration","Somewhat satisfied","Somewhat useful",NA,NA,"Extremely relevant"
"217","Tulare Basin Watershed Partnership","USFS-Sequoia National Forest Supervisors Office","SEKI - Undefined",0,1,0,0,0,0,0,0,1,"Communication","Somewhat satisfied","Somewhat useful",NA,NA,"Extremely relevant"
"218","Tulare Basin Watershed Partnership","USFS-Sierra National Forest Supervisors Office","SEKI - Undefined",0,1,0,0,0,0,0,0,1,"Communication","Somewhat satisfied","Somewhat useful",NA,NA,"Extremely relevant"
"219","Tulare Basin Watershed Partnership","US Geological Survey","SEKI - Undefined",0,1,0,0,0,0,0,0,1,"Communication","Somewhat satisfied","Somewhat useful",NA,NA,"Extremely relevant"
"220","Tulare Basin Watershed Partnership","Western Mono (Native American Indigenous Peoples)","SEKI - Undefined",0,1,0,0,0,0,0,0,1,"Collaboration","Somewhat satisfied","Somewhat useful",NA,NA,"Extremely relevant"
"221","Tulare Basin Watershed Partnership","Yokut (Native American Indigenous Peoples)","SEKI - Undefined",0,1,0,0,0,0,0,0,1,"Collaboration","Somewhat satisfied","Somewhat useful",NA,NA,"Extremely relevant"
"222","Tulare Basin Watershed Partnership","Sierra Resource Conservation District","SEKI - Other",0,1,0,0,0,0,0,0,1,"Collaboration","Somewhat satisfied","Extremely useful",NA,NA,NA
"223","Tulare Basin Watershed Partnership","UC Merced SNRI & ANR","SEKI - Other",0,1,0,0,0,0,0,0,1,"Collaboration","Somewhat satisfied","Extremely useful",NA,NA,NA
"224","Tulare Basin Watershed Partnership","BLM-Bakersfield","SEKI - Other",0,1,0,0,0,0,0,0,1,"Collaboration","Somewhat satisfied","Extremely useful",NA,NA,NA
"225","CLA FIRE Fire  and Res. Assessment Program","Cal Fire-Fresno Kings","SEKI - Defined",0,0,0,1,0,0,0,0,0,"Communication","Extremely satisfied","Extremely good","Extreme","Somewhat confident","Extremely relevant"
"226","CLA FIRE Fire  and Res. Assessment Program","Cal Fire-San Bernardino","SEKI - Defined",0,0,0,1,0,0,0,0,0,"Communication","Extremely satisfied","Extremely good","Extreme","Somewhat confident","Extremely relevant"
"227","CLA FIRE Fire  and Res. Assessment Program","Cal Fire-Tulare","SEKI - Defined",0,0,0,1,0,0,0,0,0,"Communication","Extremely satisfied","Extremely good","High","Somewhat confident","Extremely relevant"
"228","CLA FIRE Fire  and Res. Assessment Program","California Air Resources Board","SEKI - Undefined",0,0,0,0,0,1,0,1,0,"Collaboration","Extremely satisfied","Extremely useful",NA,NA,"Slightly relevant"
"229","CLA FIRE Fire  and Res. Assessment Program","California Forest Management Task Force","SEKI - Undefined",0,0,0,0,0,1,0,1,0,"Collaboration","Extremely satisfied","Somewhat useful",NA,NA,"Slightly relevant"
"230","CLA FIRE Fire  and Res. Assessment Program","Sierra Forest Legacy","SEKI - Undefined",0,0,0,0,0,0,0,1,0,"Communication","Extremely satisfied","Somewhat useful",NA,NA,"Slightly relevant"
"231","CLA FIRE Fire  and Res. Assessment Program","Southern Sierra Prescribed Fire Council","SEKI - Undefined",0,0,0,0,0,1,0,0,0,"Communication","Extremely satisfied","Somewhat useful",NA,NA,"Slightly relevant"
"232","CLA FIRE Fire  and Res. Assessment Program","The Nature Conservancy","SEKI - Undefined",0,0,0,0,0,1,0,1,0,"Communication","Extremely satisfied","Extremely useful",NA,NA,"Slightly relevant"
"233","Defenders of Wildlife, California Program","Cal Fire-Fresno Kings","SEKI - Defined",1,1,0,0,0,1,1,1,0,"Collaboration","Somewhat satisfied","Extremely good","High","Somewhat confident","Extremely relevant"
"234","Defenders of Wildlife, California Program","NPS-Sequoia","SEKI - Defined",0,1,0,0,0,0,0,1,0,"Communication","Somewhat satisfied","Extremely good","Moderate","Somewhat confident","Somewhat relevant"
"235","Defenders of Wildlife, California Program","USFS-Inyo National Forest-Mammoth","SEKI - Defined",1,1,0,0,0,0,1,1,0,"Communication","Somewhat satisfied","Somewhat good","Moderate","Somewhat confident","Extremely relevant"
"236","Defenders of Wildlife, California Program","USFS-Sequoia National Forest-Giant Sequoia National Monument","SEKI - Defined",0,1,0,0,0,0,0,1,0,"Communication","Extremely satisfied","Somewhat good","Moderate","Somewhat confident","Extremely relevant"
"237","Defenders of Wildlife, California Program","USFS-Sequoia National Forest-Hume Lake","SEKI - Defined",0,1,0,0,0,0,0,1,0,"Communication","Extremely satisfied","Somewhat good","Moderate","Slightly confident","Extremely relevant"
"238","Defenders of Wildlife, California Program","USFS-Sequoia National Forest-Western Divide","SEKI - Defined",0,1,0,0,0,0,0,1,0,"Communication","Extremely satisfied","Somewhat good","Moderate","Slightly confident","Extremely relevant"
"239","Defenders of Wildlife, California Program","USFS-Sierra National Forest-High Sierra","SEKI - Defined",1,1,0,0,0,1,1,1,0,"Collaboration","Somewhat satisfied","Extremely good","Moderate","Slightly confident","Extremely relevant"
"240","Defenders of Wildlife, California Program","California Air Resources Board","SEKI - Undefined",0,0,0,0,0,1,0,1,0,"Collaboration","Somewhat satisfied","Somewhat useful",NA,NA,"Extremely relevant"
"241","Defenders of Wildlife, California Program","Central Sierra Environmental Resource Center","SEKI - Undefined",1,1,1,0,0,0,1,1,0,"Collaboration","Somewhat satisfied","Extremely useful",NA,NA,"Slightly relevant"
"242","Defenders of Wildlife, California Program","Defenders of Wildlife","SEKI - Undefined",1,1,1,0,0,0,1,1,0,"Collaboration","Somewhat satisfied","Extremely useful",NA,NA,"Slightly relevant"
"243","Defenders of Wildlife, California Program","Dinkey Collaborative","SEKI - Undefined",1,1,1,0,0,1,1,1,0,"Collaboration","Somewhat satisfied","Somewhat useful",NA,NA,"Somewhat relevant"
"244","Defenders of Wildlife, California Program","Save the Redwoods","SEKI - Undefined",0,1,0,0,0,0,0,1,0,"Communication","Somewhat satisfied","Not applicable",NA,NA,"Slightly relevant"
"245","Defenders of Wildlife, California Program","Sierra Club","SEKI - Undefined",1,1,1,0,0,0,0,1,0,"Communication","Somewhat satisfied","Somewhat useful",NA,NA,"Slightly relevant"
"246","Defenders of Wildlife, California Program","Sierra Forest Legacy","SEKI - Undefined",1,1,1,0,0,1,1,1,0,"Collaboration","Extremely satisfied","Extremely useful",NA,NA,"Slightly relevant"
"247","Defenders of Wildlife, California Program","Southern Sierra Prescribed Fire Council","SEKI - Undefined",1,1,1,0,0,1,0,1,0,"Collaboration","Extremely satisfied","Extremely useful",NA,NA,"Somewhat relevant"
"248","Defenders of Wildlife, California Program","The Nature Conservancy","SEKI - Undefined",1,0,1,0,0,0,0,1,0,"Collaboration","Extremely satisfied","Extremely useful",NA,NA,"Slightly relevant"
"249","Defenders of Wildlife, California Program","The Wilderness Society","SEKI - Undefined",0,0,0,0,0,0,0,1,0,"Collaboration","Somewhat satisfied","Somewhat useful",NA,NA,"Slightly relevant"
"250","Defenders of Wildlife, California Program","USFS-Region 5 HQ","SEKI - Undefined",1,1,1,0,0,1,1,1,0,"Collaboration","Somewhat satisfied","Somewhat useful",NA,NA,"Extremely relevant"
"251","Defenders of Wildlife, California Program","USFS-Inyo National Forest Supervisors Office","SEKI - Undefined",1,1,1,0,0,1,1,1,0,"Communication","Somewhat satisfied","Somewhat useful",NA,NA,"Extremely relevant"
"252","Defenders of Wildlife, California Program","USFS-Sequoia National Forest Supervisors Office","SEKI - Undefined",1,0,1,0,0,0,1,1,0,"Communication","Somewhat satisfied","Somewhat useful",NA,NA,"Extremely relevant"
"253","Defenders of Wildlife, California Program","USFS-Sierra National Forest Supervisors Office","SEKI - Undefined",1,1,1,0,0,1,1,1,0,"Collaboration","Somewhat satisfied","Extremely useful",NA,NA,"Extremely relevant"
"254","NPS Yosemite Fire","NPS-Kings Canyon","SEKI - Defined",1,1,0,0,0,0,0,1,0,"Collaboration","Somewhat satisfied","Extremely good","Moderate","Somewhat confident","Extremely relevant"
"255","NPS Yosemite Fire","NPS-Sequoia","SEKI - Defined",1,1,0,0,0,0,0,1,0,"Collaboration","Somewhat satisfied","Extremely good","Moderate","Somewhat confident","Extremely relevant"
"256","NPS Yosemite Fire","USFS-Inyo National Forest-Mammoth","SEKI - Defined",0,0,0,0,1,0,0,1,0,"Communication","Somewhat satisfied","Extremely good","Moderate","Completely confident","Extremely relevant"
"257","NPS Yosemite Fire","California Air Resources Board","SEKI - Undefined",1,0,1,0,0,0,0,1,0,"Communication","Somewhat satisfied","Somewhat useful",NA,NA,"Somewhat relevant"
"258","NPS Yosemite Fire","Save the Redwoods","SEKI - Undefined",0,1,1,0,0,0,1,1,0,"Communication","Somewhat satisfied","Somewhat useful",NA,NA,"Somewhat relevant"
"259","NPS Yosemite Fire","Southern Sierra Prescribed Fire Council","SEKI - Undefined",1,0,1,0,0,0,0,0,0,NA,NA,"Somewhat useful",NA,NA,"Not relevant at all"
"260","NPS Yosemite Fire","SNF","SEKI - Other",1,0,1,0,1,0,1,1,0,"Communication","Somewhat satisfied","Extremely useful",NA,NA,NA
"261","NPS Yosemite Fire","STF","SEKI - Other",1,0,1,0,1,0,1,1,0,"Collaboration","Somewhat satisfied","Extremely useful",NA,NA,NA
"262","NPS Yosemite Fire","FWS-Los Banos","SEKI - Other",1,0,1,0,1,0,0,0,0,"Communication","Somewhat dissatisfied","Somewhat useful",NA,NA,NA
"263","NPS Yosemite Fire","MMU","SEKI - Other",1,0,1,0,1,0,1,1,0,"Communication","Somewhat satisfied","Extremely useful",NA,NA,NA
"264","NPS Yosemite Fire","Hetchy City of SF","SEKI - Other",1,0,1,0,0,0,0,1,0,"Communication","Somewhat satisfied","Extremely useful",NA,NA,NA
"265","NPS Yosemite Fire","Mariposa APCD","SEKI - Other",1,0,1,0,0,0,0,0,0,"Coordination","Somewhat satisfied","Extremely useful",NA,NA,NA
"266","NPS Yosemite Fire","SJ APCD","SEKI - Other",1,0,1,0,0,0,0,0,0,"Communication","Somewhat satisfied","Extremely useful",NA,NA,NA
"267","NPS Yosemite Fire","PWR regional Staff","SEKI - Other",1,1,1,1,1,1,1,1,1,"Collaboration","Extremely satisfied","Extremely useful",NA,NA,NA
"268","Sierra Forest Legacy","USFS-Inyo National Forest-White Mountain","SEKI - Defined",1,1,0,1,0,0,0,1,0,NA,"Somewhat satisfied","Somewhat good","Low","Slightly confident","Somewhat relevant"
"269","Sierra Forest Legacy","USFS-Sequoia National Forest-Hume Lake","SEKI - Defined",1,0,1,0,0,0,1,1,1,NA,"Somewhat satisfied","Somewhat good","High","Slightly confident","Somewhat relevant"
"270","Sierra Forest Legacy","USFS-Sequoia National Forest-Kern River","SEKI - Defined",1,0,1,0,0,0,1,1,1,NA,"Somewhat satisfied","Somewhat good","High","Slightly confident","Extremely relevant"
"271","Sierra Forest Legacy","Sierra Forest Legacy","SEKI - Undefined",1,1,1,1,0,1,1,1,1,"Collaboration","Somewhat satisfied","Somewhat useful",NA,NA,"Somewhat relevant"
"272","Sierra Forest Legacy","WildSpaces","SEKI - Other",0,0,1,0,0,0,0,0,0,"Communication","Somewhat satisfied","Somewhat useful",NA,NA,NA
"273","Sierra Forest Legacy","Sequoia Riverlands Trust","SEKI - Other",0,0,1,0,0,0,0,0,0,"Communication","Somewhat satisfied","Somewhat useful",NA,NA,NA
"274","Sierra Forest Legacy","Fresno Audubon","SEKI - Other",0,0,1,0,0,0,0,0,0,"Communication","Somewhat satisfied","Somewhat useful",NA,NA,NA
"275","Sierra Forest Legacy","Unite the Parks","SEKI - Other",0,0,1,0,0,0,0,0,0,"Communication","Somewhat satisfied","Somewhat useful",NA,NA,NA
"276","Sierra Forest Legacy","Outdoor Alliance California","SEKI - Other",0,0,1,0,0,0,0,0,0,"Communication","Somewhat satisfied","Somewhat useful",NA,NA,NA
"277","Sequoia and Kings National Park","BLM-Central California District","SEKI - Defined",0,0,0,0,1,0,0,1,0,"Communication","Extremely satisfied",NA,NA,NA,NA
"278","Sequoia and Kings National Park","Cal Fire-Fresno Kings","SEKI - Defined",0,0,0,0,1,0,1,1,0,"Collaboration",NA,NA,NA,NA,NA
"279","Sequoia and Kings National Park","Cal Fire-Tulare","SEKI - Defined",0,0,0,0,1,0,1,1,0,"Collaboration",NA,NA,NA,NA,NA
"280","Sequoia and Kings National Park","USFS-Inyo National Forest-Mt. Whitney","SEKI - Defined",1,0,0,0,1,1,0,0,0,"Collaboration",NA,NA,NA,NA,NA
"281","Sequoia and Kings National Park","USFS-Inyo National Forest-White Mountain","SEKI - Defined",1,0,0,0,1,1,0,0,0,"Collaboration",NA,NA,NA,NA,NA
"282","Sequoia and Kings National Park","USFS-Sequoia National Forest-Giant Sequoia National Monument","SEKI - Defined",1,1,0,0,1,1,1,1,1,"Collaboration",NA,NA,NA,NA,NA
"283","Sequoia and Kings National Park","USFS-Sequoia National Forest-Hume Lake","SEKI - Defined",1,1,0,0,1,1,1,1,1,"Collaboration",NA,NA,NA,NA,NA
"284","Sequoia and Kings National Park","USFS-Sequoia National Forest-Western Divide","SEKI - Defined",1,0,0,0,1,1,0,0,0,"Collaboration",NA,NA,NA,NA,NA
"285","Sequoia and Kings National Park","USFS-Sierra National Forest-High Sierra","SEKI - Defined",1,0,0,0,1,1,0,0,0,"Collaboration",NA,NA,NA,NA,NA
"286","Sequoia and Kings National Park","California Air Resources Board","SEKI - Undefined",0,0,0,0,0,1,0,0,0,"Communication",NA,NA,NA,NA,NA
"287","Sequoia and Kings National Park","Save the Redwoods","SEKI - Undefined",0,1,0,0,0,0,1,1,0,"Collaboration",NA,NA,NA,NA,NA
"288","Sequoia and Kings National Park","Southern Sierra Prescribed Fire Council","SEKI - Undefined",0,1,0,0,0,0,0,1,0,"Communication",NA,NA,NA,NA,NA
"289","Sequoia and Kings National Park","USFS-Inyo National Forest Supervisors Office","SEKI - Undefined",1,0,1,0,0,1,0,0,0,"Communication",NA,NA,NA,NA,NA
"290","Sequoia and Kings National Park","USFS-Sequoia National Forest Supervisors Office","SEKI - Undefined",1,0,1,0,0,1,0,0,0,"Communication",NA,NA,NA,NA,NA
"291","Sequoia and Kings National Park","US Geological Survey","SEKI - Undefined",0,1,0,0,0,0,0,0,0,"Collaboration",NA,NA,NA,NA,NA
"292","Sequoia and Kings National Park","Western Mono (Native American Indigenous Peoples)","SEKI - Undefined",1,0,1,0,0,0,0,0,0,"Communication",NA,NA,NA,NA,NA
"293","Sequoia and Kings National Park","Yokut (Native American Indigenous Peoples)","SEKI - Undefined",1,0,1,0,0,0,0,0,0,"Communication",NA,NA,NA,NA,NA
"294","Central California BLM","BLM-Bishop Field Office","SEKI - Defined",1,1,1,1,1,1,1,1,1,"Collaboration","Somewhat satisfied","Somewhat good","Moderate","Somewhat confident","Extremely relevant"
"295","Central California BLM","BLM-California Desert Interagency Fire Program","SEKI - Defined",1,0,0,0,1,1,0,0,0,"Collaboration","Somewhat satisfied","Somewhat good","Moderate","Somewhat confident","Somewhat relevant"
"296","Central California BLM","BLM-Central California District","SEKI - Defined",1,1,1,1,1,1,1,1,1,"Collaboration","Extremely satisfied","Extremely good","Moderate","Somewhat confident","Extremely relevant"
"297","Central California BLM","Cal Fire-Fresno Kings","SEKI - Defined",1,0,0,0,1,1,0,0,0,"Coordination","Somewhat satisfied","Somewhat good","Moderate","Somewhat confident","Extremely relevant"
"298","Central California BLM","Cal Fire-San Bernardino","SEKI - Defined",1,0,0,0,1,1,0,0,0,"Coordination","Somewhat satisfied","Somewhat good","Moderate","Somewhat confident","Extremely relevant"
"299","Central California BLM","NPS-Sequoia","SEKI - Defined",1,0,0,0,1,1,0,0,0,"Coordination","Somewhat satisfied","Somewhat good","Moderate","Somewhat confident","Somewhat relevant"
"300","Central California BLM","USFS-Inyo National Forest-Mt. Whitney","SEKI - Defined",1,0,0,0,1,1,0,0,0,"Coordination","Somewhat satisfied","Somewhat good","Moderate","Somewhat confident","Somewhat relevant"
"301","Central California BLM","USFS-Sequoia National Forest-Kern River","SEKI - Defined",1,0,0,0,1,1,0,0,0,"Coordination","Somewhat satisfied","Somewhat good","Moderate","Somewhat confident","Somewhat relevant"
"302","Central California BLM","USFS-Sequoia National Forest-Western Divide","SEKI - Defined",1,0,0,0,1,1,0,0,0,"Coordination","Somewhat satisfied","Somewhat good","Moderate","Somewhat confident","Somewhat relevant"
"303","Central California BLM","California Air Resources Board","SEKI - Undefined",0,0,0,0,0,1,0,1,0,"Coordination","Somewhat dissatisfied","Somewhat useful",NA,NA,"Extremely relevant"
"304","Central California BLM","California Forest Management Task Force","SEKI - Undefined",0,0,0,0,0,0,1,0,1,"Communication","Somewhat satisfied","Somewhat not useful",NA,NA,"Somewhat relevant"
"305","Central California BLM","Southern Sierra Prescribed Fire Council","SEKI - Undefined",0,0,1,0,0,0,1,1,0,"Communication","Somewhat satisfied","Somewhat useful",NA,NA,"Slightly relevant"
"306","Central California BLM","The Nature Conservancy","SEKI - Undefined",0,1,0,0,0,0,1,1,0,"Communication","Somewhat dissatisfied","Somewhat useful",NA,NA,"Slightly relevant"
"307","Central California BLM","USDA Natural Resource Conservation Service (NRCS)","SEKI - Undefined",0,0,0,0,0,0,0,0,1,"Communication","Somewhat satisfied","Somewhat useful",NA,NA,"Slightly relevant"
"308","Central California BLM","USFS-Sequoia National Forest Supervisors Office","SEKI - Undefined",1,0,1,0,1,0,0,0,0,"Communication","Somewhat satisfied","Somewhat useful",NA,NA,"Somewhat relevant"
"309","Central California BLM","US Geological Survey","SEKI - Undefined",1,0,1,0,0,0,0,0,0,"Communication","Somewhat satisfied","Somewhat useful",NA,NA,"Slightly relevant"
"310","Central California BLM","Sierra Nevada Conservancy","SEKI - Other",0,0,0,0,0,0,1,1,0,"Collaboration","Extremely satisfied","Extremely useful",NA,NA,NA
